username,unfollowed_at
desconhecido,2026-07-21T13:45:43
desconhecido,2026-07-21T13:45:47
desconhecido,2026-07-21T13:45:52
desconhecido,2026-07-21T13:45:55
desconhecido,2026-07-21T13:45:58
desconhecido,2026-07-21T13:46:01
desconhecido,2026-07-21T13:46:04
desconhecido,2026-07-21T13:46:09
desconhecido,2026-07-21T13:46:12
desconhecido,2026-07-21T13:46:14
desconhecido,2026-07-21T13:46:18
desconhecido,2026-07-21T13:46:22
desconhecido,2026-07-21T13:46:26
desconhecido,2026-07-21T13:46:30
desconhecido,2026-07-21T13:46:34
desconhecido,2026-07-21T13:46:38
desconhecido,2026-07-21T13:46:41
desconhecido,2026-07-21T13:46:44
desconhecido,2026-07-21T13:50:01
desconhecido,2026-07-21T13:50:05
desconhecido,2026-07-21T13:50:09
desconhecido,2026-07-21T13:50:13
desconhecido,2026-07-21T13:50:16
desconhecido,2026-07-21T13:50:19
desconhecido,2026-07-21T13:50:23
desconhecido,2026-07-21T13:50:27
desconhecido,2026-07-21T13:50:30
desconhecido,2026-07-21T13:50:34
desconhecido,2026-07-21T13:55:49
desconhecido,2026-07-21T13:55:53
desconhecido,2026-07-21T13:55:56
desconhecido,2026-07-21T13:55:59
desconhecido,2026-07-21T13:56:02
desconhecido,2026-07-21T13:56:05
desconhecido,2026-07-21T13:56:09
desconhecido,2026-07-21T13:56:13
desconhecido,2026-07-21T13:56:15
desconhecido,2026-07-21T13:56:51
desconhecido,2026-07-21T13:56:54
desconhecido,2026-07-21T13:56:58
desconhecido,2026-07-21T13:57:02
desconhecido,2026-07-21T13:57:06
desconhecido,2026-07-21T13:57:09
desconhecido,2026-07-21T13:57:14
desconhecido,2026-07-21T13:57:17
desconhecido,2026-07-21T13:57:50
desconhecido,2026-07-21T13:57:53
desconhecido,2026-07-21T13:57:57
desconhecido,2026-07-21T13:58:00
desconhecido,2026-07-21T13:58:03
desconhecido,2026-07-21T13:58:06
desconhecido,2026-07-21T13:58:39
desconhecido,2026-07-21T13:58:42
desconhecido,2026-07-21T13:58:46
desconhecido,2026-07-21T13:58:49
desconhecido,2026-07-21T13:58:53
desconhecido,2026-07-21T13:59:27
desconhecido,2026-07-21T13:59:31
desconhecido,2026-07-21T13:59:35
desconhecido,2026-07-21T13:59:40
desconhecido,2026-07-21T13:59:43
desconhecido,2026-07-21T14:00:17
desconhecido,2026-07-21T14:00:19
desconhecido,2026-07-21T14:00:22
desconhecido,2026-07-21T14:00:27
desconhecido,2026-07-21T14:00:30
desconhecido,2026-07-21T14:01:02
desconhecido,2026-07-21T14:01:05
desconhecido,2026-07-21T14:01:09
desconhecido,2026-07-21T14:01:12
desconhecido,2026-07-21T14:01:45
desconhecido,2026-07-21T14:01:49
desconhecido,2026-07-21T14:01:52
desconhecido,2026-07-21T14:01:55
desconhecido,2026-07-21T14:02:30
desconhecido,2026-07-21T14:02:32
desconhecido,2026-07-21T14:02:35
desconhecido,2026-07-21T14:02:38
desconhecido,2026-07-21T14:03:12
desconhecido,2026-07-21T14:03:17
desconhecido,2026-07-21T14:03:20
desconhecido,2026-07-21T14:03:51
desconhecido,2026-07-21T14:03:54
desconhecido,2026-07-21T14:03:57
desconhecido,2026-07-21T14:04:29
desconhecido,2026-07-21T14:04:33
desconhecido,2026-07-21T14:04:37
desconhecido,2026-07-21T14:05:12
desconhecido,2026-07-21T14:08:00
desconhecido,2026-07-21T14:08:04
desconhecido,2026-07-21T14:08:08
desconhecido,2026-07-21T14:08:11
desconhecido,2026-07-21T14:08:14
desconhecido,2026-07-21T14:08:17
desconhecido,2026-07-21T14:08:20
desconhecido,2026-07-21T14:08:23
desconhecido,2026-07-21T14:08:56
desconhecido,2026-07-21T14:09:00
desconhecido,2026-07-21T14:09:03
desconhecido,2026-07-21T14:09:06
desconhecido,2026-07-21T14:09:10
desconhecido,2026-07-21T14:09:15
desconhecido,2026-07-21T14:09:46
desconhecido,2026-07-21T14:09:49
desconhecido,2026-07-21T14:09:53
desconhecido,2026-07-21T14:09:57
desconhecido,2026-07-21T14:10:01
desconhecido,2026-07-21T14:10:04
desconhecido,2026-07-21T14:10:38
desconhecido,2026-07-21T14:10:42
desconhecido,2026-07-21T14:10:46
desconhecido,2026-07-21T14:10:49
desconhecido,2026-07-21T14:10:52
desconhecido,2026-07-21T14:11:26
desconhecido,2026-07-21T14:11:30
desconhecido,2026-07-21T14:11:33
desconhecido,2026-07-21T14:11:37
desconhecido,2026-07-21T14:11:40
desconhecido,2026-07-21T14:12:15
desconhecido,2026-07-21T14:12:18
desconhecido,2026-07-21T14:12:22
desconhecido,2026-07-21T14:12:54
desconhecido,2026-07-21T14:12:57
desconhecido,2026-07-21T14:13:00
desconhecido,2026-07-21T14:13:34
desconhecido,2026-07-21T14:13:38
desconhecido,2026-07-21T14:14:11
desconhecido,2026-07-21T14:14:14
desconhecido,2026-07-21T14:14:49
desconhecido,2026-07-21T14:14:54
desconhecido,2026-07-21T14:15:27
desconhecido,2026-07-21T14:15:30
desconhecido,2026-07-21T14:16:04
desconhecido,2026-07-21T14:16:08
desconhecido,2026-07-21T14:16:43
desconhecido,2026-07-21T14:16:46
desconhecido,2026-07-21T14:17:18
